%	cons	son	syll	cont	app	lat	nas	dr	stri	rho	clk	voi	sg	cg	LAB	ldl	rnd	COR	ant	dist	DOR	fr	bk	hi	lo	tens	red	PHR	atr	rtr
p	+	-	-	-	-	-	-	-	-	-	-	-	-	-	+	-	-	-	0	0	-	0	0	0	0	0	0	-	0	0
b	+	-	-	-	-	-	-	-	-	-	-	+	-	-	+	-	-	-	0	0	-	0	0	0	0	0	0	-	0	0
…ì	+	-	-	-	-	-	-	-	-	-	-	+	-	+	+	-	-	-	0	0	-	0	0	0	0	0	0	-	0	0
·µêp	+	-	-	-	-	-	+	-	-	-	-	-	-	-	+	-	-	-	0	0	-	0	0	0	0	0	0	-	0	0
·µêb	+	-	-	-	-	-	+	-	-	-	-	+	-	-	+	-	-	-	0	0	-	0	0	0	0	0	0	-	0	0
m	+	+	-	-	-	-	+	-	-	-	-	+	-	-	+	-	-	-	0	0	-	0	0	0	0	0	0	-	0	0
 ô	+	+	-	+	-	-	-	-	-	-	-	+	-	-	+	-	-	-	0	0	-	0	0	0	0	0	0	-	0	0
‚±±Ãü	+	+	-	-	-	-	-	-	-	-	-	+	-	-	+	-	-	-	0	0	-	0	0	0	0	0	0	-	0	0
…∏	+	-	-	+	-	-	-	-	-	-	-	-	-	-	+	-	-	-	0	0	-	0	0	0	0	0	0	-	0	0
Œ≤	+	-	-	+	-	-	-	-	-	-	-	+	-	-	+	-	-	-	0	0	-	0	0	0	0	0	0	-	0	0
pÕ°…∏	+	-	-	-	-	-	-	+	-	-	-	-	-	-	+	-	-	-	0	0	-	0	0	0	0	0	0	-	0	0
bÕ°Œ≤	+	-	-	-	-	-	-	+	-	-	-	+	-	-	+	-	-	-	0	0	-	0	0	0	0	0	0	-	0	0
…∏Ãû	+	+	-	+	+	-	-	-	-	-	-	-	-	-	+	-	-	-	0	0	-	0	0	0	0	0	0	-	0	0
Œ≤Ãû	+	+	-	+	+	-	-	-	-	-	-	+	-	-	+	-	-	-	0	0	-	0	0	0	0	0	0	-	0	0
pÃ™	+	-	-	-	-	-	-	-	-	-	-	-	-	-	+	+	-	-	0	0	-	0	0	0	0	0	0	-	0	0
bÃ™	+	-	-	-	-	-	-	-	-	-	-	+	-	-	+	+	-	-	0	0	-	0	0	0	0	0	0	-	0	0
…ìÃ™	+	-	-	-	-	-	-	-	-	-	-	+	-	+	+	+	-	-	0	0	-	0	0	0	0	0	0	-	0	0
·µêpÃ™	+	-	-	-	-	-	+	-	-	-	-	+	-	-	+	+	-	-	0	0	-	0	0	0	0	0	0	-	0	0
·µêbÃ™	+	-	-	-	-	-	+	-	-	-	-	+	-	-	+	+	-	-	0	0	-	0	0	0	0	0	0	-	0	0
…±	+	+	-	-	-	-	+	-	-	-	-	+	-	-	+	+	-	-	0	0	-	0	0	0	0	0	0	-	0	0
 ôÃ™	+	+	-	+	-	-	-	-	-	-	-	+	-	-	+	+	-	-	0	0	-	0	0	0	0	0	0	-	0	0
‚±±	+	+	-	-	-	-	-	-	-	-	-	+	-	-	+	+	-	-	0	0	-	0	0	0	0	0	0	-	0	0
f	+	-	-	+	-	-	-	-	+	-	-	-	-	-	+	+	-	-	0	0	-	0	0	0	0	0	0	-	0	0
v	+	-	-	+	-	-	-	-	+	-	-	+	-	-	+	+	-	-	0	0	-	0	0	0	0	0	0	-	0	0
pÕ°f	+	-	-	-	-	-	-	+	+	-	-	-	-	-	+	+	-	-	0	0	-	0	0	0	0	0	0	-	0	0
bÕ°v	+	-	-	-	-	-	-	+	+	-	-	+	-	-	+	+	-	-	0	0	-	0	0	0	0	0	0	-	0	0
 ãÃ•	+	+	-	+	+	-	-	-	-	-	-	-	-	-	+	+	-	-	0	0	-	0	0	0	0	0	0	-	0	0
 ã	+	+	-	+	+	-	-	-	-	-	-	+	-	-	+	+	-	-	0	0	-	0	0	0	0	0	0	-	0	0
t	+	-	-	-	-	-	-	-	-	-	-	-	-	-	-	0	0	+	+	-	-	0	0	0	0	0	0	-	0	0
d	+	-	-	-	-	-	-	-	-	-	-	+	-	-	-	0	0	+	+	-	-	0	0	0	0	0	0	-	0	0
…ó	+	-	-	-	-	-	-	-	-	-	-	+	-	+	-	0	0	+	+	-	-	0	0	0	0	0	0	-	0	0
‚Åøt	+	-	-	-	-	-	+	-	-	-	-	-	-	-	-	0	0	+	+	-	-	0	0	0	0	0	0	-	0	0
‚Åød	+	-	-	-	-	-	+	-	-	-	-	+	-	-	-	0	0	+	+	-	-	0	0	0	0	0	0	-	0	0
n	+	+	-	-	-	-	+	-	-	-	-	+	-	-	-	0	0	+	+	-	-	0	0	0	0	0	0	-	0	0
r	+	+	-	+	-	-	-	-	-	+	-	+	-	-	-	0	0	+	+	-	-	0	0	0	0	0	0	-	0	0
…æ	+	+	-	-	-	-	-	-	-	+	-	+	-	-	-	0	0	+	+	-	-	0	0	0	0	0	0	-	0	0
…∫	+	+	-	-	-	+	-	-	-	-	-	+	-	-	-	0	0	+	+	-	-	0	0	0	0	0	0	-	0	0
Œ∏	+	-	-	+	-	-	-	-	-	-	-	-	-	-	-	0	0	+	+	-	-	0	0	0	0	0	0	-	0	0
√∞	+	-	-	+	-	-	-	-	-	-	-	+	-	-	-	0	0	+	+	-	-	0	0	0	0	0	0	-	0	0
tÕ°Œ∏	+	-	-	-	-	-	-	+	-	-	-	-	-	-	-	0	0	+	+	-	-	0	0	0	0	0	0	-	0	0
dÕ°√∞	+	-	-	-	-	-	-	+	-	-	-	+	-	-	-	0	0	+	+	-	-	0	0	0	0	0	0	-	0	0
‚ÅøtÕ°Œ∏	+	-	-	-	-	-	+	+	-	-	-	-	-	-	-	0	0	+	+	-	-	0	0	0	0	0	0	-	0	0
‚ÅødÕ°√∞	+	-	-	-	-	-	+	+	-	-	-	+	-	-	-	0	0	+	+	-	-	0	0	0	0	0	0	-	0	0
s	+	-	-	+	-	-	-	-	+	-	-	-	-	-	-	0	0	+	+	-	-	0	0	0	0	0	0	-	0	0
z	+	-	-	+	-	-	-	-	+	-	-	+	-	-	-	0	0	+	+	-	-	0	0	0	0	0	0	-	0	0
tÕ°s	+	-	-	-	-	-	-	+	+	-	-	-	-	-	-	0	0	+	+	-	-	0	0	0	0	0	0	-	0	0
dÕ°z	+	-	-	-	-	-	-	+	+	-	-	+	-	-	-	0	0	+	+	-	-	0	0	0	0	0	0	-	0	0
‚ÅøtÕ°s	+	-	-	-	-	-	+	+	+	-	-	-	-	-	-	0	0	+	+	-	-	0	0	0	0	0	0	-	0	0
‚ÅødÕ°z	+	-	-	-	-	-	+	+	+	-	-	+	-	-	-	0	0	+	+	-	-	0	0	0	0	0	0	-	0	0
…¨	+	-	-	+	-	+	-	-	-	-	-	-	-	-	-	0	0	+	+	-	-	0	0	0	0	0	0	-	0	0
…Æ	+	-	-	+	-	+	-	-	-	-	-	+	-	-	-	0	0	+	+	-	-	0	0	0	0	0	0	-	0	0
tÕ°…¨	+	-	-	-	-	+	-	+	-	-	-	-	-	-	-	0	0	+	+	-	-	0	0	0	0	0	0	-	0	0
dÕ°…Æ	+	-	-	-	-	+	-	+	-	-	-	+	-	-	-	0	0	+	+	-	-	0	0	0	0	0	0	-	0	0
‚ÅøtÕ°…¨	+	-	-	-	-	+	+	+	-	-	-	-	-	-	-	0	0	+	+	-	-	0	0	0	0	0	0	-	0	0
‚ÅødÕ°…Æ	+	-	-	-	-	+	+	+	-	-	-	+	-	-	-	0	0	+	+	-	-	0	0	0	0	0	0	-	0	0
…π	+	+	-	+	+	-	-	-	-	+	-	+	-	-	-	0	0	+	+	-	-	0	0	0	0	0	0	-	0	0
l	+	+	-	+	+	+	-	-	-	-	-	+	-	-	-	0	0	+	+	-	-	0	0	0	0	0	0	-	0	0
tÃ†	+	-	-	-	-	-	-	-	-	-	-	-	-	-	-	0	0	+	-	+	-	0	0	0	0	0	0	-	0	0
dÃ†	+	-	-	-	-	-	-	-	-	-	-	+	-	-	-	0	0	+	-	+	-	0	0	0	0	0	0	-	0	0
…óÃ†	+	-	-	-	-	-	-	-	-	-	-	+	-	+	-	0	0	+	-	+	-	0	0	0	0	0	0	-	0	0
‚ÅøtÃ†	+	-	-	-	-	-	+	-	-	-	-	-	-	-	-	0	0	+	-	+	-	0	0	0	0	0	0	-	0	0
‚ÅødÃ†	+	-	-	-	-	-	+	-	-	-	-	+	-	-	-	0	0	+	-	+	-	0	0	0	0	0	0	-	0	0
nÃ†	+	+	-	-	-	-	+	-	-	-	-	+	-	-	-	0	0	+	-	+	-	0	0	0	0	0	0	-	0	0
rÃ†	+	+	-	+	-	-	-	-	-	+	-	+	-	-	-	0	0	+	-	+	-	0	0	0	0	0	0	-	0	0
…æÃ†	+	+	-	-	-	-	-	-	-	+	-	+	-	-	-	0	0	+	-	+	-	0	0	0	0	0	0	-	0	0
…∫Ã†	+	+	-	-	-	+	-	-	-	+	-	+	-	-	-	0	0	+	-	+	-	0	0	0	0	0	0	-	0	0
…πÃ†ÃäÃù	+	-	-	+	-	-	-	-	-	+	-	-	-	-	-	0	0	+	-	+	-	0	0	0	0	0	0	-	0	0
…πÃ†Ãù	+	-	-	+	-	-	-	-	-	+	-	+	-	-	-	0	0	+	-	+	-	0	0	0	0	0	0	-	0	0
tÕ°…πÃ†ÃäÃù	+	-	-	-	-	-	-	+	-	+	-	-	-	-	-	0	0	+	-	+	-	0	0	0	0	0	0	-	0	0
dÕ°…πÃ†Ãù	+	-	-	-	-	-	-	+	-	+	-	+	-	-	-	0	0	+	-	+	-	0	0	0	0	0	0	-	0	0
‚ÅøtÕ°…πÃ†ÃäÃù	+	-	-	-	-	-	+	+	-	+	-	-	-	-	-	0	0	+	-	+	-	0	0	0	0	0	0	-	0	0
‚ÅødÕ°…πÃ†Ãù	+	-	-	-	-	-	+	+	-	+	-	+	-	-	-	0	0	+	-	+	-	0	0	0	0	0	0	-	0	0
 É	+	-	-	+	-	-	-	-	+	-	-	-	-	-	-	0	0	+	-	+	-	0	0	0	0	0	0	-	0	0
 í	+	-	-	+	-	-	-	-	+	-	-	+	-	-	-	0	0	+	-	+	-	0	0	0	0	0	0	-	0	0
tÕ° É	+	-	-	-	-	-	-	+	+	-	-	-	-	-	-	0	0	+	-	+	-	0	0	0	0	0	0	-	0	0
dÕ° í	+	-	-	-	-	-	-	+	+	-	-	+	-	-	-	0	0	+	-	+	-	0	0	0	0	0	0	-	0	0
‚ÅøtÕ° É	+	-	-	-	-	-	+	+	+	-	-	-	-	-	-	0	0	+	-	+	-	0	0	0	0	0	0	-	0	0
‚ÅødÕ° í	+	-	-	-	-	-	+	+	+	-	-	+	-	-	-	0	0	+	-	+	-	0	0	0	0	0	0	-	0	0
…¨Ã†	+	-	-	+	-	+	-	-	-	-	-	-	-	-	-	0	0	+	-	+	-	0	0	0	0	0	0	-	0	0
…ÆÃ†	+	-	-	+	-	+	-	-	-	-	-	+	-	-	-	0	0	+	-	+	-	0	0	0	0	0	0	-	0	0
tÕ°…¨Ã†	+	-	-	-	-	+	-	+	-	-	-	-	-	-	-	0	0	+	-	+	-	0	0	0	0	0	0	-	0	0
dÕ°…ÆÃ†	+	-	-	-	-	+	-	+	-	-	-	+	-	-	-	0	0	+	-	+	-	0	0	0	0	0	0	-	0	0
‚ÅøtÕ°…¨Ã†	+	-	-	-	-	+	+	+	-	-	-	-	-	-	-	0	0	+	-	+	-	0	0	0	0	0	0	-	0	0
‚ÅødÕ°…ÆÃ†	+	-	-	-	-	+	+	+	-	-	-	+	-	-	-	0	0	+	-	+	-	0	0	0	0	0	0	-	0	0
…πÃ†	+	+	-	+	+	-	-	-	-	+	-	+	-	-	-	0	0	+	-	+	-	0	0	0	0	0	0	-	0	0
lÃ†	+	+	-	+	+	+	-	-	-	-	-	+	-	-	-	0	0	+	-	+	-	0	0	0	0	0	0	-	0	0
tÃ™	+	-	-	-	-	-	-	-	-	-	-	-	-	-	-	0	0	+	+	+	-	0	0	0	0	0	0	-	0	0
dÃ™	+	-	-	-	-	-	-	-	-	-	-	+	-	-	-	0	0	+	+	+	-	0	0	0	0	0	0	-	0	0
…óÃ™	+	-	-	-	-	-	-	-	-	-	-	+	-	+	-	0	0	+	+	+	-	0	0	0	0	0	0	-	0	0
‚ÅøtÃ™	+	-	-	-	-	-	+	-	-	-	-	-	-	-	-	0	0	+	+	+	-	0	0	0	0	0	0	-	0	0
‚ÅødÃ™	+	-	-	-	-	-	+	-	-	-	-	+	-	-	-	0	0	+	+	+	-	0	0	0	0	0	0	-	0	0
nÃ™	+	+	-	-	-	-	+	-	-	-	-	+	-	-	-	0	0	+	+	+	-	0	0	0	0	0	0	-	0	0
rÃ™	+	+	-	+	-	-	-	-	-	+	-	+	-	-	-	0	0	+	+	+	-	0	0	0	0	0	0	-	0	0
…æÃ™	+	+	-	-	-	-	-	-	-	+	-	+	-	-	-	0	0	+	+	+	-	0	0	0	0	0	0	-	0	0
…∫Ã™	+	+	-	-	-	+	-	-	-	+	-	+	-	-	-	0	0	+	+	+	-	0	0	0	0	0	0	-	0	0
Œ∏Ã™	+	-	-	+	-	-	-	-	-	-	-	-	-	-	-	0	0	+	+	+	-	0	0	0	0	0	0	-	0	0
√∞Ã™	+	-	-	+	-	-	-	-	-	-	-	+	-	-	-	0	0	+	+	+	-	0	0	0	0	0	0	-	0	0
tÕ°Œ∏Ã™	+	-	-	-	-	-	-	+	-	-	-	-	-	-	-	0	0	+	+	+	-	0	0	0	0	0	0	-	0	0
dÕ°√∞Ã™	+	-	-	-	-	-	-	+	-	-	-	+	-	-	-	0	0	+	+	+	-	0	0	0	0	0	0	-	0	0
‚ÅøtÕ°Œ∏Ã™	+	-	-	-	-	-	+	+	-	-	-	-	-	-	-	0	0	+	+	+	-	0	0	0	0	0	0	-	0	0
‚ÅødÕ°√∞Ã™	+	-	-	-	-	-	+	+	-	-	-	+	-	-	-	0	0	+	+	+	-	0	0	0	0	0	0	-	0	0
sÃ™	+	-	-	+	-	-	-	-	+	-	-	-	-	-	-	0	0	+	+	+	-	0	0	0	0	0	0	-	0	0
zÃ™	+	-	-	+	-	-	-	-	+	-	-	+	-	-	-	0	0	+	+	+	-	0	0	0	0	0	0	-	0	0
tÕ°sÃ™	+	-	-	-	-	-	-	+	+	-	-	-	-	-	-	0	0	+	+	+	-	0	0	0	0	0	0	-	0	0
dÕ°zÃ™	+	-	-	-	-	-	-	+	+	-	-	+	-	-	-	0	0	+	+	+	-	0	0	0	0	0	0	-	0	0
‚ÅøtÕ°sÃ™	+	-	-	-	-	-	+	+	+	-	-	-	-	-	-	0	0	+	+	+	-	0	0	0	0	0	0	-	0	0
‚ÅødÕ°zÃ™	+	-	-	-	-	-	+	+	+	-	-	+	-	-	-	0	0	+	+	+	-	0	0	0	0	0	0	-	0	0
…¨Ã™	+	-	-	+	-	+	-	-	-	-	-	-	-	-	-	0	0	+	+	+	-	0	0	0	0	0	0	-	0	0
…ÆÃ™	+	-	-	+	-	+	-	-	-	-	-	+	-	-	-	0	0	+	+	+	-	0	0	0	0	0	0	-	0	0
tÕ°…¨Ã™	+	-	-	-	-	+	-	+	-	-	-	-	-	-	-	0	0	+	+	+	-	0	0	0	0	0	0	-	0	0
dÕ°…ÆÃ™	+	-	-	-	-	+	-	+	-	-	-	+	-	-	-	0	0	+	+	+	-	0	0	0	0	0	0	-	0	0
‚ÅøtÕ°…¨Ã™	+	-	-	-	-	+	+	+	-	-	-	-	-	-	-	0	0	+	+	+	-	0	0	0	0	0	0	-	0	0
‚ÅødÕ°…ÆÃ™	+	-	-	-	-	+	+	+	-	-	-	+	-	-	-	0	0	+	+	+	-	0	0	0	0	0	0	-	0	0
…πÃ™	+	+	-	+	+	-	-	-	-	+	-	+	-	-	-	0	0	+	+	+	-	0	0	0	0	0	0	-	0	0
lÃ™	+	+	-	+	+	+	-	-	-	-	-	+	-	-	-	0	0	+	+	+	-	0	0	0	0	0	0	-	0	0
 à	+	-	-	-	-	-	-	-	-	-	-	-	-	-	-	0	0	+	-	-	-	0	0	0	0	0	0	-	0	0
…ñ	+	-	-	-	-	-	-	-	-	-	-	+	-	-	-	0	0	+	-	-	-	0	0	0	0	0	0	-	0	0
·∂ë	+	-	-	-	-	-	-	-	-	-	-	+	-	+	-	0	0	+	-	-	-	0	0	0	0	0	0	-	0	0
·∂Ø à	+	-	-	-	-	-	+	-	-	-	-	-	-	-	-	0	0	+	-	-	-	0	0	0	0	0	0	-	0	0
·∂Ø…ñ	+	-	-	-	-	-	+	-	-	-	-	+	-	-	-	0	0	+	-	-	-	0	0	0	0	0	0	-	0	0
…≥	+	+	-	-	-	-	+	-	-	-	-	+	-	-	-	0	0	+	-	-	-	0	0	0	0	0	0	-	0	0
…ΩÕ°r	+	+	-	+	-	-	-	-	-	+	-	+	-	-	-	0	0	+	-	-	-	0	0	0	0	0	0	-	0	0
…Ω	+	+	-	-	-	-	-	-	-	+	-	+	-	-	-	0	0	+	-	-	-	0	0	0	0	0	0	-	0	0
…≠ÃÜ	+	+	-	-	-	+	-	-	-	-	-	+	-	-	-	0	0	+	-	-	-	0	0	0	0	0	0	-	0	0
 Ç	+	-	-	+	-	-	-	-	+	-	-	-	-	-	-	0	0	+	-	-	-	0	0	0	0	0	0	-	0	0
 ê	+	-	-	+	-	-	-	-	+	-	-	+	-	-	-	0	0	+	-	-	-	0	0	0	0	0	0	-	0	0
 àÕ° Ç	+	-	-	-	-	-	-	+	+	-	-	-	-	-	-	0	0	+	-	-	-	0	0	0	0	0	0	-	0	0
…ñÕ° ê	+	-	-	-	-	-	-	+	+	-	-	+	-	-	-	0	0	+	-	-	-	0	0	0	0	0	0	-	0	0
‚Åø àÕ° Ç	+	-	-	-	-	-	+	+	+	-	-	-	-	-	-	0	0	+	-	-	-	0	0	0	0	0	0	-	0	0
‚Åø…ñÕ° ê	+	-	-	-	-	-	+	+	+	-	-	+	-	-	-	0	0	+	-	-	-	0	0	0	0	0	0	-	0	0
…ª	+	+	-	+	+	-	-	-	-	+	-	+	-	-	-	0	0	+	-	-	-	0	0	0	0	0	0	-	0	0
…≠	+	+	-	+	+	+	-	-	-	-	-	+	-	-	-	0	0	+	-	-	-	0	0	0	0	0	0	-	0	0
Íûé	+	-	-	+	-	+	-	-	-	-	-	-	-	-	-	0	0	+	-	-	-	0	0	0	0	0	0	-	0	0
ùºÖ	+	-	-	+	-	+	-	-	-	-	-	+	-	-	-	0	0	+	-	-	-	0	0	0	0	0	0	-	0	0
 àÕ°Íûé	+	-	-	-	-	+	-	+	-	-	-	-	-	-	-	0	0	+	-	-	-	0	0	0	0	0	0	-	0	0
…ñÕ°ùºÖ	+	-	-	-	-	+	-	+	-	-	-	+	-	-	-	0	0	+	-	-	-	0	0	0	0	0	0	-	0	0
‚Åø àÕ°Íûé	+	-	-	-	-	+	+	+	-	-	-	-	-	-	-	0	0	+	-	-	-	0	0	0	0	0	0	-	0	0
‚Åø…ñÕ°ùºÖ	+	-	-	-	-	+	+	+	-	-	-	+	-	-	-	0	0	+	-	-	-	0	0	0	0	0	0	-	0	0
c	+	-	-	-	-	-	-	-	-	-	-	-	-	-	-	0	0	+	-	+	+	+	-	+	-	-	-	-	0	0
…ü	+	-	-	-	-	-	-	-	-	-	-	+	-	-	-	0	0	+	-	+	+	+	-	+	-	-	-	-	0	0
 Ñ	+	-	-	-	-	-	-	-	-	-	-	+	-	+	-	0	0	+	-	+	+	+	-	+	-	-	-	-	0	0
·∂Æc	+	-	-	-	-	-	+	-	-	-	-	-	-	-	-	0	0	+	-	+	+	+	-	+	-	-	-	-	0	0
·∂Æ…ü	+	-	-	-	-	-	+	-	-	-	-	+	-	-	-	0	0	+	-	+	+	+	-	+	-	-	-	-	0	0
…≤	+	+	-	-	-	-	+	-	-	-	-	+	-	-	-	0	0	+	-	+	+	+	-	+	-	-	-	-	0	0
 éÃÜ	+	+	-	-	-	+	-	-	-	-	-	+	-	-	-	0	0	+	-	+	+	+	-	+	-	-	-	-	0	0
√ß	+	-	-	+	-	-	-	-	-	-	-	-	-	-	-	0	0	+	-	+	+	+	-	+	-	-	-	-	0	0
 ù	+	-	-	+	-	-	-	-	-	-	-	+	-	-	-	0	0	+	-	+	+	+	-	+	-	-	-	-	0	0
cÕ°√ß	+	-	-	-	-	-	-	+	-	-	-	-	-	-	-	0	0	+	-	+	+	+	-	+	-	-	-	-	0	0
…üÕ° ù	+	-	-	-	-	-	-	+	-	-	-	+	-	-	-	0	0	+	-	+	+	+	-	+	-	-	-	-	0	0
‚ÅøcÕ°√ß	+	-	-	-	-	-	+	+	-	-	-	-	-	-	-	0	0	+	-	+	+	+	-	+	-	-	-	-	0	0
‚Åø…üÕ° ù	+	-	-	-	-	-	+	+	-	-	-	+	-	-	-	0	0	+	-	+	+	+	-	+	-	-	-	-	0	0
…ï	+	-	-	+	-	-	-	-	+	-	-	-	-	-	-	0	0	+	-	+	+	+	-	+	-	-	-	-	0	0
 ë	+	-	-	+	-	-	-	-	+	-	-	+	-	-	-	0	0	+	-	+	+	+	-	+	-	-	-	-	0	0
tÕ°…ï	+	-	-	-	-	-	-	+	+	-	-	-	-	-	-	0	0	+	-	+	+	+	-	+	-	-	-	-	0	0
dÕ° ë	+	-	-	-	-	-	-	+	+	-	-	+	-	-	-	0	0	+	-	+	+	+	-	+	-	-	-	-	0	0
‚ÅøtÕ°…ï	+	-	-	-	-	-	+	+	+	-	-	-	-	-	-	0	0	+	-	+	+	+	-	+	-	-	-	-	0	0
‚ÅødÕ° ë	+	-	-	-	-	-	+	+	+	-	-	+	-	-	-	0	0	+	-	+	+	+	-	+	-	-	-	-	0	0
 ùÃû	-	+	-	+	+	-	-	-	-	-	-	+	-	-	-	0	0	+	-	+	+	+	-	+	-	-	-	-	0	0
 é	+	+	-	+	+	+	-	-	-	-	-	+	-	-	-	0	0	+	-	+	+	+	-	+	-	-	-	-	0	0
 éÃù	+	-	-	+	-	+	-	-	-	-	-	+	-	-	-	0	0	+	-	+	+	+	-	+	-	-	-	-	0	0
cÕ° éÃùÃä	+	-	-	-	-	+	-	+	-	-	-	-	-	-	-	0	0	+	-	+	+	+	-	+	-	-	-	-	0	0
…üÕ° éÃù	+	-	-	-	-	+	-	+	-	-	-	+	-	-	-	0	0	+	-	+	+	+	-	+	-	-	-	-	0	0
‚ÅøcÕ° éÃùÃä	+	-	-	-	-	+	+	+	-	-	-	-	-	-	-	0	0	+	-	+	+	+	-	+	-	-	-	-	0	0
‚Åø…üÕ° éÃù	+	-	-	-	-	+	+	+	-	-	-	+	-	-	-	0	0	+	-	+	+	+	-	+	-	-	-	-	0	0
k	+	-	-	-	-	-	-	-	-	-	-	-	-	-	-	0	0	-	0	0	+	-	+	+	-	-	-	-	0	0
…°	+	-	-	-	-	-	-	-	-	-	-	+	-	-	-	0	0	-	0	0	+	-	+	+	-	-	-	-	0	0
…†	+	-	-	-	-	-	-	-	-	-	-	+	-	+	-	0	0	-	0	0	+	-	+	+	-	-	-	-	0	0
·µëk	+	-	-	-	-	-	+	-	-	-	-	-	-	-	-	0	0	-	0	0	+	-	+	+	-	-	-	-	0	0
·µë…°	+	-	-	-	-	-	+	-	-	-	-	+	-	-	-	0	0	-	0	0	+	-	+	+	-	-	-	-	0	0
≈ã	+	+	-	-	-	-	+	-	-	-	-	+	-	-	-	0	0	-	0	0	+	-	+	+	-	-	-	-	0	0
x	+	-	-	+	-	-	-	-	-	-	-	-	-	-	-	0	0	-	0	0	+	-	+	+	-	-	-	-	0	0
…£	+	-	-	+	-	-	-	-	-	-	-	+	-	-	-	0	0	-	0	0	+	-	+	+	-	-	-	-	0	0
kÕ°x	+	-	-	-	-	-	-	+	-	-	-	-	-	-	-	0	0	-	0	0	+	-	+	+	-	-	-	-	0	0
…°Õ°…£	+	-	-	-	-	-	-	+	-	-	-	+	-	-	-	0	0	-	0	0	+	-	+	+	-	-	-	-	0	0
·µëkÕ°x	+	-	-	-	-	-	+	+	-	-	-	-	-	-	-	0	0	-	0	0	+	-	+	+	-	-	-	-	0	0
·µë…°Õ°…£	+	-	-	-	-	-	+	+	-	-	-	+	-	-	-	0	0	-	0	0	+	-	+	+	-	-	-	-	0	0
…∞	-	+	-	+	+	-	-	-	-	-	-	+	-	-	-	0	0	-	0	0	+	-	+	+	-	-	-	-	0	0
 ü	+	+	-	+	+	+	-	-	-	-	-	+	-	-	-	0	0	-	0	0	+	-	+	+	-	-	-	-	0	0
ùºÑ	+	-	-	+	-	+	-	-	-	-	-	-	-	-	-	0	0	-	0	0	+	-	+	+	-	-	-	-	0	0
ùºÑÃ¨	+	-	-	+	-	+	-	-	-	-	-	+	-	-	-	0	0	-	0	0	+	-	+	+	-	-	-	-	0	0
kÕ°ùºÑ	+	-	-	-	-	+	-	+	-	-	-	-	-	-	-	0	0	-	0	0	+	-	+	+	-	-	-	-	0	0
…°Õ°ùºÑÃ¨	+	-	-	-	-	+	-	+	-	-	-	+	-	-	-	0	0	-	0	0	+	-	+	+	-	-	-	-	0	0
·µëkÕ°ùºÑ	+	-	-	-	-	+	+	+	-	-	-	-	-	-	-	0	0	-	0	0	+	-	+	+	-	-	-	-	0	0
·µë…°Õ°ùºÑÃ¨	+	-	-	-	-	+	+	+	-	-	-	+	-	-	-	0	0	-	0	0	+	-	+	+	-	-	-	-	0	0
q	+	-	-	-	-	-	-	-	-	-	-	-	-	-	-	0	0	-	0	0	+	-	+	-	-	-	-	-	0	0
…¢	+	-	-	-	-	-	-	-	-	-	-	+	-	-	-	0	0	-	0	0	+	-	+	-	-	-	-	-	0	0
 õ	+	-	-	-	-	-	-	-	-	-	-	+	-	+	-	0	0	-	0	0	+	-	+	-	-	-	-	-	0	0
·∂∞q	+	-	-	-	-	-	+	-	-	-	-	-	-	-	-	0	0	-	0	0	+	-	+	-	-	-	-	-	0	0
·∂∞…¢	+	-	-	-	-	-	+	-	-	-	-	+	-	-	-	0	0	-	0	0	+	-	+	-	-	-	-	-	0	0
…¥	+	+	-	-	-	-	+	-	-	-	-	+	-	-	-	0	0	-	0	0	+	-	+	-	-	-	-	-	0	0
 Ä	+	+	-	+	-	-	-	-	-	+	-	+	-	-	-	0	0	-	0	0	+	-	+	-	-	-	-	-	0	0
 ÄÃÜ	+	+	-	-	-	-	-	-	-	+	-	+	-	-	-	0	0	-	0	0	+	-	+	-	-	-	-	-	0	0
œá	+	-	-	+	-	-	-	-	-	-	-	-	-	-	-	0	0	-	0	0	+	-	+	-	-	-	-	-	0	0
 Å	+	-	-	+	-	-	-	-	-	-	-	+	-	-	-	0	0	-	0	0	+	-	+	-	-	-	-	-	0	0
 ÅÃû	-	+	-	+	+	-	-	-	-	-	-	+	-	-	-	0	0	-	0	0	+	-	+	-	-	-	-	-	0	0
qÕ°œá	+	-	-	-	-	-	-	+	-	-	-	-	-	-	-	0	0	-	0	0	+	-	+	-	-	-	-	-	0	0
…¢Õ° Å	+	-	-	-	-	-	-	+	-	-	-	+	-	-	-	0	0	-	0	0	+	-	+	-	-	-	-	-	0	0
·∂∞qÕ°œá	+	-	-	-	-	-	+	+	-	-	-	-	-	-	-	0	0	-	0	0	+	-	+	-	-	-	-	-	0	0
·∂∞…¢Õ° Å	+	-	-	-	-	-	+	+	-	-	-	+	-	-	-	0	0	-	0	0	+	-	+	-	-	-	-	-	0	0
 üÃ†	+	+	-	+	+	+	-	-	-	-	-	+	-	-	-	0	0	-	0	0	+	-	+	-	-	-	-	-	0	0
ùºÑÃ†	+	-	-	+	-	+	-	-	-	-	-	-	-	-	-	0	0	-	0	0	+	-	+	-	-	-	-	-	0	0
ùºÑÃ†Ã¨	+	-	-	+	-	+	-	-	-	-	-	+	-	-	-	0	0	-	0	0	+	-	+	-	-	-	-	-	0	0
qÕ°ùºÑÃ†	+	-	-	-	-	+	-	+	-	-	-	-	-	-	-	0	0	-	0	0	+	-	+	-	-	-	-	-	0	0
…¢Õ°ùºÑÃ†	+	-	-	-	-	+	-	+	-	-	-	+	-	-	-	0	0	-	0	0	+	-	+	-	-	-	-	-	0	0
·∂∞qÕ°ùºÑÃ†	+	-	-	-	-	+	+	+	-	-	-	-	-	-	-	0	0	-	0	0	+	-	+	-	-	-	-	-	0	0
·∂∞…¢Õ°ùºÑÃ†	+	-	-	-	-	+	+	+	-	-	-	+	-	-	-	0	0	-	0	0	+	-	+	-	-	-	-	-	0	0
 °	+	-	-	-	-	-	-	-	-	-	-	-	-	-	-	0	0	-	0	0	+	-	+	-	+	-	-	+	-	-
 ú	+	-	-	+	-	-	-	-	-	-	-	-	-	-	-	0	0	-	0	0	+	-	+	-	+	-	-	+	-	-
 ¢	+	-	-	+	-	-	-	-	-	-	-	+	-	-	-	0	0	-	0	0	+	-	+	-	+	-	-	+	-	-
 ¢ÃÜ	+	-	-	-	-	-	-	-	-	-	-	+	-	-	-	0	0	-	0	0	+	-	+	-	+	-	-	+	-	-
 °ÃØ	+	+	-	-	-	-	-	-	-	-	-	+	-	-	-	0	0	-	0	0	+	-	+	-	+	-	-	+	-	-
 °Õ° ú	+	-	-	-	-	-	-	+	-	-	-	-	-	-	-	0	0	-	0	0	+	-	+	-	+	-	-	+	-	-
 °Õ° ¢	+	-	-	-	-	-	-	+	-	-	-	+	-	-	-	0	0	-	0	0	+	-	+	-	+	-	-	+	-	-
ƒß	+	-	-	+	-	-	-	-	-	-	-	-	-	-	-	0	0	-	0	0	+	-	+	-	+	-	-	+	-	+
 ï	+	-	-	+	-	-	-	-	-	-	-	+	-	-	-	0	0	-	0	0	+	-	+	-	+	-	-	+	-	+
 ïÃû	+	-	-	+	+	-	-	-	-	-	-	+	-	-	-	0	0	-	0	0	+	-	+	-	+	-	-	+	-	+
 î	-	-	-	-	-	-	-	-	-	-	-	-	-	+	-	0	0	-	0	0	-	0	0	0	0	0	0	-	0	0
h	-	-	-	+	-	-	-	-	-	-	-	-	+	-	-	0	0	-	0	0	-	0	0	0	0	0	0	-	0	0
…¶	-	-	-	+	-	-	-	-	-	-	-	+	+	-	-	0	0	-	0	0	-	0	0	0	0	0	0	-	0	0
 îÃ∞	-	-	-	-	-	-	-	-	-	-	-	+	-	+	-	0	0	-	0	0	-	0	0	0	0	0	0	-	0	0
 îÕ°h	-	-	-	-	-	-	-	+	-	-	-	-	+	-	-	0	0	-	0	0	-	0	0	0	0	0	0	-	0	0
 ç	-	+	-	+	+	-	-	-	-	-	-	-	-	-	+	-	+	-	0	0	+	-	+	+	-	-	-	-	0	0
w	-	+	-	+	+	-	-	-	-	-	-	+	-	-	+	-	+	-	0	0	+	-	+	+	-	-	-	-	0	0
j	-	+	-	+	+	-	-	-	-	-	-	+	-	-	+	-	-	-	0	0	+	+	-	+	-	-	-	-	0	0
…•	-	+	-	+	+	-	-	-	-	-	-	+	-	-	+	-	+	-	0	0	+	+	-	+	-	-	-	-	0	0
…ß	+	-	-	+	-	-	-	-	-	-	-	-	-	-	-	0	0	+	-	+	+	-	+	+	-	-	-	-	0	0
…´	+	+	-	+	+	+	-	-	-	-	-	+	-	-	-	0	0	+	+	-	+	-	+	+	-	-	-	-	0	0
i	-	+	+	+	+	-	-	-	-	-	-	+	-	-	+	-	-	-	0	0	+	+	-	+	-	+	-	-	0	0
y	-	+	+	+	+	-	-	-	-	-	-	+	-	-	+	-	+	-	0	0	+	+	-	+	-	+	-	-	0	0
…™	-	+	+	+	+	-	-	-	-	-	-	+	-	-	+	-	-	-	0	0	+	+	-	+	-	-	-	-	0	0
 è	-	+	+	+	+	-	-	-	-	-	-	+	-	-	+	-	+	-	0	0	+	+	-	+	-	-	-	-	0	0
e	-	+	+	+	+	-	-	-	-	-	-	+	-	-	+	-	-	-	0	0	+	+	-	-	-	+	-	-	0	0
√∏	-	+	+	+	+	-	-	-	-	-	-	+	-	-	+	-	+	-	0	0	+	+	-	-	-	+	-	-	0	0
…õ	-	+	+	+	+	-	-	-	-	-	-	+	-	-	+	-	-	-	0	0	+	+	-	-	-	-	-	-	0	0
≈ì	-	+	+	+	+	-	-	-	-	-	-	+	-	-	+	-	+	-	0	0	+	+	-	-	-	-	-	-	0	0
√¶	-	+	+	+	+	-	-	-	-	-	-	+	-	-	+	-	-	-	0	0	+	+	-	-	+	+	-	-	0	0
√¶ ∑	-	+	+	+	+	-	-	-	-	-	-	+	-	-	+	-	+	-	0	0	+	+	-	-	+	+	-	-	0	0
√¶Ãû	-	+	+	+	+	-	-	-	-	-	-	+	-	-	+	-	-	-	0	0	+	+	-	-	+	-	-	-	0	0
…∂	-	+	+	+	+	-	-	-	-	-	-	+	-	-	+	-	+	-	0	0	+	+	-	-	+	-	-	-	0	0
…®	-	+	+	+	+	-	-	-	-	-	-	+	-	-	+	-	-	-	0	0	+	-	-	+	-	+	-	-	0	0
 â	-	+	+	+	+	-	-	-	-	-	-	+	-	-	+	-	+	-	0	0	+	-	-	+	-	+	-	-	0	0
…™Ãà	-	+	+	+	+	-	-	-	-	-	-	+	-	-	+	-	-	-	0	0	+	-	-	+	-	-	-	-	0	0
 äÃà	-	+	+	+	+	-	-	-	-	-	-	+	-	-	+	-	+	-	0	0	+	-	-	+	-	-	-	-	0	0
…ò	-	+	+	+	+	-	-	-	-	-	-	+	-	-	+	-	-	-	0	0	+	-	-	-	-	+	-	-	0	0
…µ	-	+	+	+	+	-	-	-	-	-	-	+	-	-	+	-	+	-	0	0	+	-	-	-	-	+	-	-	0	0
…ô	-	+	+	+	+	-	-	-	-	-	-	+	-	-	+	-	-	-	0	0	+	-	-	-	-	-	+	-	0	0
…ú	-	+	+	+	+	-	-	-	-	-	-	+	-	-	+	-	-	-	0	0	+	-	-	-	-	-	-	-	0	0
…û	-	+	+	+	+	-	-	-	-	-	-	+	-	-	+	-	+	-	0	0	+	-	-	-	-	-	-	-	0	0
…ê	-	+	+	+	+	-	-	-	-	-	-	+	-	-	+	-	-	-	0	0	+	-	-	-	+	+	-	-	0	0
…ê ∑	-	+	+	+	+	-	-	-	-	-	-	+	-	-	+	-	+	-	0	0	+	-	-	-	+	+	-	-	0	0
a	-	+	+	+	+	-	-	-	-	-	-	+	-	-	+	-	-	-	0	0	+	-	-	-	+	-	-	-	0	0
…íÃà	-	+	+	+	+	-	-	-	-	-	-	+	-	-	+	-	+	-	0	0	+	-	-	-	+	-	-	-	0	0
…Ø	-	+	+	+	+	-	-	-	-	-	-	+	-	-	+	-	-	-	0	0	+	-	+	+	-	+	-	-	0	0
u	-	+	+	+	+	-	-	-	-	-	-	+	-	-	+	-	+	-	0	0	+	-	+	+	-	+	-	-	0	0
…ØÃΩ	-	+	+	+	+	-	-	-	-	-	-	+	-	-	+	-	-	-	0	0	+	-	+	+	-	-	-	-	0	0
 ä	-	+	+	+	+	-	-	-	-	-	-	+	-	-	+	-	+	-	0	0	+	-	+	+	-	-	-	-	0	0
…§	-	+	+	+	+	-	-	-	-	-	-	+	-	-	+	-	-	-	0	0	+	-	+	-	-	+	-	-	0	0
o	-	+	+	+	+	-	-	-	-	-	-	+	-	-	+	-	+	-	0	0	+	-	+	-	-	+	-	-	0	0
 å	-	+	+	+	+	-	-	-	-	-	-	+	-	-	+	-	-	-	0	0	+	-	+	-	-	-	-	-	0	0
…î	-	+	+	+	+	-	-	-	-	-	-	+	-	-	+	-	+	-	0	0	+	-	+	-	-	-	-	-	0	0
…ëÃù	-	+	+	+	+	-	-	-	-	-	-	+	-	-	+	-	-	-	0	0	+	-	+	-	+	+	-	-	0	0
…íÃù	-	+	+	+	+	-	-	-	-	-	-	+	-	-	+	-	+	-	0	0	+	-	+	-	+	+	-	-	0	0
…ë	-	+	+	+	+	-	-	-	-	-	-	+	-	-	+	-	-	-	0	0	+	-	+	-	+	-	-	-	0	0
…í	-	+	+	+	+	-	-	-	-	-	-	+	-	-	+	-	+	-	0	0	+	-	+	-	+	-	-	-	0	0
k ò	+	-	-	-	-	-	-	-	-	-	+	-	-	-	+	-	-	-	0	0	+	-	+	+	-	-	-	-	0	0
…° ò	+	-	-	-	-	-	-	-	-	-	+	+	-	-	+	-	-	-	0	0	+	-	+	+	-	-	-	-	0	0
≈ã ò	+	+	-	-	-	-	+	-	-	-	+	+	-	-	+	-	-	-	0	0	+	-	+	+	-	-	-	-	0	0
q ò	+	-	-	-	-	-	-	-	-	-	+	-	-	-	+	-	-	-	0	0	+	-	+	-	-	-	-	-	0	0
…¢ ò	+	-	-	-	-	-	-	-	-	-	+	+	-	-	+	-	-	-	0	0	+	-	+	-	-	-	-	-	0	0
…¥ ò	+	+	-	-	-	-	+	-	-	-	+	+	-	-	+	-	-	-	0	0	+	-	+	-	-	-	-	-	0	0
k òÃ™	+	-	-	-	-	-	-	-	-	-	+	-	-	-	+	+	-	-	0	0	+	-	+	+	-	-	-	-	0	0
…° òÃ™	+	-	-	-	-	-	-	-	-	-	+	+	-	-	+	+	-	-	0	0	+	-	+	+	-	-	-	-	0	0
≈ã òÃ™	+	+	-	-	-	-	+	-	-	-	+	+	-	-	+	+	-	-	0	0	+	-	+	+	-	-	-	-	0	0
q òÃ™	+	-	-	-	-	-	-	-	-	-	+	-	-	-	+	+	-	-	0	0	+	-	+	-	-	-	-	-	0	0
…¢ òÃ™	+	-	-	-	-	-	-	-	-	-	+	+	-	-	+	+	-	-	0	0	+	-	+	-	-	-	-	-	0	0
…¥ òÃ™	+	+	-	-	-	-	+	-	-	-	+	+	-	-	+	+	-	-	0	0	+	-	+	-	-	-	-	-	0	0
k«Ä	+	-	-	-	-	-	-	-	-	-	+	-	-	-	-	0	0	+	+	+	+	-	+	+	-	-	-	-	0	0
…°«Ä	+	-	-	-	-	-	-	-	-	-	+	+	-	-	-	0	0	+	+	+	+	-	+	+	-	-	-	-	0	0
≈ã«Ä	+	+	-	-	-	-	+	-	-	-	+	+	-	-	-	0	0	+	+	+	+	-	+	+	-	-	-	-	0	0
q«Ä	+	-	-	-	-	-	-	-	-	-	+	+	-	-	-	0	0	+	+	+	+	-	+	-	-	-	-	-	0	0
…¢«Ä	+	-	-	-	-	-	-	-	-	-	+	+	-	-	-	0	0	+	+	+	+	-	+	-	-	-	-	-	0	0
…¥«Ä	+	+	-	-	-	-	+	-	-	-	+	+	-	-	-	0	0	+	+	+	+	-	+	-	-	-	-	-	0	0
k«É	+	-	-	-	-	-	-	-	-	-	+	-	-	-	-	0	0	+	+	-	+	-	+	+	-	-	-	-	0	0
…°«É	+	-	-	-	-	-	-	-	-	-	+	+	-	-	-	0	0	+	+	-	+	-	+	+	-	-	-	-	0	0
≈ã«É	+	+	-	-	-	-	+	-	-	-	+	+	-	-	-	0	0	+	+	-	+	-	+	+	-	-	-	-	0	0
q«É	+	-	-	-	-	-	-	-	-	-	+	+	-	-	-	0	0	+	+	-	+	-	+	-	-	-	-	-	0	0
…¢«É	+	-	-	-	-	-	-	-	-	-	+	+	-	-	-	0	0	+	+	-	+	-	+	-	-	-	-	-	0	0
…¥«É	+	+	-	-	-	-	+	-	-	-	+	+	-	-	-	0	0	+	+	-	+	-	+	-	-	-	-	-	0	0
k«Å	+	-	-	-	-	+	-	-	-	-	+	-	-	-	-	0	0	+	+	-	+	-	+	+	-	-	-	-	0	0
…°«Å	+	-	-	-	-	+	-	-	-	-	+	+	-	-	-	0	0	+	+	-	+	-	+	+	-	-	-	-	0	0
≈ã«Å	+	+	-	-	-	+	+	-	-	-	+	+	-	-	-	0	0	+	+	-	+	-	+	+	-	-	-	-	0	0
q«Å	+	-	-	-	-	+	-	-	-	-	+	+	-	-	-	0	0	+	+	-	+	-	+	-	-	-	-	-	0	0
…¢«Å	+	-	-	-	-	+	-	-	-	-	+	+	-	-	-	0	0	+	+	-	+	-	+	-	-	-	-	-	0	0
…¥«Å	+	+	-	-	-	+	+	-	-	-	+	+	-	-	-	0	0	+	+	-	+	-	+	-	-	-	-	-	0	0
k‚Äº	+	-	-	-	-	-	-	-	-	-	+	-	-	-	-	0	0	+	-	-	+	-	+	+	-	-	-	-	0	0
…°‚Äº	+	-	-	-	-	-	-	-	-	-	+	+	-	-	-	0	0	+	-	-	+	-	+	+	-	-	-	-	0	0
≈ã‚Äº	+	+	-	-	-	-	+	-	-	-	+	+	-	-	-	0	0	+	-	-	+	-	+	+	-	-	-	-	0	0
q‚Äº	+	-	-	-	-	-	-	-	-	-	+	+	-	-	-	0	0	+	-	-	+	-	+	-	-	-	-	-	0	0
…¢‚Äº	+	-	-	-	-	-	-	-	-	-	+	+	-	-	-	0	0	+	-	-	+	-	+	-	-	-	-	-	0	0
…¥‚Äº	+	+	-	-	-	-	+	-	-	-	+	+	-	-	-	0	0	+	-	-	+	-	+	-	-	-	-	-	0	0
k«Ç	+	-	-	-	-	-	-	-	-	-	+	-	-	-	-	0	0	+	-	+	+	+	-	+	-	-	-	-	0	0
…°«Ç	+	-	-	-	-	-	-	-	-	-	+	+	-	-	-	0	0	+	-	+	+	+	-	+	-	-	-	-	0	0
≈ã«Ç	+	+	-	-	-	-	+	-	-	-	+	+	-	-	-	0	0	+	-	+	+	+	-	+	-	-	-	-	0	0
q«Ç	+	-	-	-	-	-	-	-	-	-	+	+	-	-	-	0	0	+	-	+	+	+	-	-	-	-	-	-	0	0
…¢«Ç	+	-	-	-	-	-	-	-	-	-	+	+	-	-	-	0	0	+	-	+	+	+	-	-	-	-	-	-	0	0
…¥«Ç	+	+	-	-	-	-	+	-	-	-	+	+	-	-	-	0	0	+	-	+	+	+	-	-	-	-	-	-	0	0